DisProt_id,Uniprot_id,start,end,length,terminal,sequence
DP02732,Q8IWJ2,1547,1569,23,Internal,LEPPLWHAEFTKEELVQKLSSTT
DP03745,Q8VHC3,25,34,10,Internal,TNYRPDWNRL
DP03745,Q8VHC3,121,145,25,C,EAQVPPEYLWAPAKPPEEASEHDDL
DP03748,P75862,169,180,12,C,VNVDSFSLEQAV
DP03749,Q92871,1,11,11,N,MAVTAQAARRK
DP03758,Q96ST2,352,548,197,Internal,DSHMDRKKFHSSDSEEEEHKKQKMDSDEDEKEGEEEKVAKRKAAVLSDSEDEEKASAKKSRVVSDADDSDSDAVSDKSGKREKTIASDSEEEAGKELSDKKNEEKDLFGSDSESGNEEENLIADIFGESGDEEEEEFTGFNQEDLEEEKGETQVKEAEDSDSDDNIKRGKHMDFLSDFEMMLQRKKSMSGKRRRNRD
DP03759,P25454,1,77,77,N,MSQVQEQHISESQLQYGNGSLMSTVPADLSQSVVDGNGNGSSEDIEATNGSGDGGGLQEQAEAQGEMEDEAYDEAAL
DP03759,P25454,328,347,20,Internal,VAQVDGGMAFNPDPKKPIGG
DP03802,A0A1L8HGL2,738,1171,434,Internal,VETVFEMLDSVKQSLGEAMDDHSPAFMENHSVLTTSAIKHSTPSPTKLTISPSKSARFSPKTPPRWAEDQKSLLEVLCNKVEALKKEVQELKHNNSNANVSPHRWPNEGFESDTVADSYQGTQNFYTVPLTVSTSGPAAYYGQSPAYNSQHLLRPAANITPTKTSVYAMNRLPPQQHMYTYPQQMHTPPTQQSSAGCVFPQEIYGPPLRFESPAAAILSPHNEEFYNYNVPPASTNPPLPEPGYFTKPSTAMQHSKQEVPKVSDFGKGCLGQSTSEGQKPSPFTVPMQSTPASSTFKFNSNFKSNDGDFTFSSSHAGASSAYTGSESLLGLLTSDRPTQEQGKKSDFENIASDEKNMFRFGEKSFSPGFTVTGTQSQDKNPLVFGQSENIFTFKTPGKSTFKPPTFGTQTKDAHNHSVESDAGSEHVADDDGPH
DP03803,Q24459,339,354,16,Internal,APPVAAPSPAVTYALQ
DP03804,Q9VVI2,71,338,268,Internal,AKQDLDGHTAPPPVVNKPTPVKLPHFSNILGKQQQLQLQQQQQQLQLQQQQKQQFQEQEREQDLPSTPRSRANDNGRVAAGGASSSSGPRGNFNSALSDKMHQLKLIETNGSNGTLRTPQTSRASSAQQQPQISTTPNSVAAFFGNMIPPKVEVKLGSYVSNTRESYCSSSGDSGEATGLSLGSSKPIDIVSNGDGFYKQTAASSYGNTNGNVRRNGNANNNGNGTGNGSYTNGNGNGNGKNKRNRVRRESSMRQQQVQLTFGSEADD
DP03806,Q3U8S1,293,365,73,C,VNSRRRCGQKKKLVINGGNGTVEDRKPSELNGEASKSQEMVHLVNKEPSETPDQCMTADETRNLQSVDMKIGV
DP03810,P0AFI0,552,564,13,C,HITKLNPKQVAGN
DP03812,P33371,99,111,13,Internal,PSKTVNGSGGGAT
DP03813,P0A6B7,393,404,12,C,GVDLNSIEWAHH
DP03814,Q9BU02,215,230,16,C,SRERPQETEDPDHCLG
DP03815,P32449,1,22,22,N,MSESPMFAANGMPKVNQGAEED
DP03818,P57104,1,13,13,IDP,FVQWFSKFLGRIL
DP03819,P56917,1,13,13,IDP,FLPLIGRVLSGIL
DP03824,A0A0G2KTI4,1,205,205,N,MSASPPISAGDYLSAPEPDALKPAGPTPSQSRFQVDLVTESAGDGETTVGFDSSPPEYVAEPPPDGLRDSVSGGEEAKGRFRVVNFAASSPDAAPAETAQNGDTVMSEGSLHSSTGGQQHHHYDTHTNTYYLRTFGHNTIDAVPKIDFYRQTAAPLGEKLIRPTLSELHDELDKEPFEDGFANGEELTPAEESAAKDVSESKGVV
DP03824,A0A0G2KTI4,856,925,70,Internal,IQGQDDSSGMKDVVVSVDISKDSDGDSSKPSSKATSVQNSPAVQKDEDDDGKAHTQPLLKKDKKSPTVPL
DP03826,Q91V14,1,84,84,N,MSRRFTVTSLPPAASAASADPESRRHSVADPRRLPREDVKGDGNPKESSPFINSTDTEKGREYDGRNMALFEEEMDTSPMVSSL
DP03826,Q91V14,952,1074,123,Internal,EIQSITDESRGSIRRKNPANPRLRLNVPEETACDNEEKPEEEVQLIHDQSAPSCPSSSPSPGEEPEGERETDPEVHLTWTKDKSVAEKNKGPSPVSSEGIKDFFSMKPEWENLNQSNVRRMHT
DP03888,P61956,1,14,14,N,MADEKPKEGVKTEN
DP03897,Q9UII6,1,24,24,N,MDSLQKQDLRRPKIHGAVQASPYQ
DP03898,P80041,328,339,12,Internal,LDPVYLKHSHQG
DP03898,P80041,477,486,10,C,AEEGKAEIKS
DP03909,P36156,1,10,10,N,MSKQWASGTN
DP03909,P36156,84,93,10,Internal,MEKQLEDSED
DP03912,P77526,205,215,11,C,KAQLGDERSDS
DP03913,P0AFW0,101,114,14,Internal,PKDIVDPATPYPGD
DP03914,G0SCF1,31,161,131,Internal,GRSITPSELVSPTPSRANSRREIESLIDSILSSSAGANSPRRGSRPNSVISTGELSTDNASEITATTTGQLPSQPQPLSTVPLQTVYECPPSPVKEIISYSKGVQTTEEWTPRKSRGVGDSDDEDLGAAAS
DP03915,P22108,53,63,11,Internal,KPDANKNSDSK
DP03916,Q3E7B7,1,35,35,N,MARGNQRDLARQKNLKKQKDMAKNQKKSGDPKKRM
DP03920,D8SB57,39,52,14,Internal,DLRPVNRHPKYKTE
DP03921,A5Y0M2,92,112,21,Internal,NLSIGDTTSIIQLFKNFTGPP
DP03923,Q9R825,31,48,18,Internal,GVKTDAFTETQTGGKVGG
DP03927,W1J0W9,982,1027,46,Internal,HSSVITQEYAAPQGEIEEQLADIWQTILKIDRIGRYDNFFELGGHS
DP03927,W1J0W9,1070,1084,15,C,QFDADSLQDIYKSME
DP03929,Q9U1W1,195,486,292,C,LENHYAPPPHQQIPDDLNTSFSSQPPPPIEQFGAIPPPNATIPSFPTSNAASPPVQEFAPPPPQQQQQQFQAPPPPMASHSSISSTPVQQQGFAPPQQFGGPPPSGPPSEYGGYAPPQQQQQQFGAPPPQGAPQQGFGAPPQGPPQGGPPQGSFGAPPPQQFHAPSPQSFGGPPPPVSSAPGNFAPPPQSGPPGAFAPPPSAFGAPQGPGGPGGYGPPPPGGPGAPGSYGPPQGGPGGFGPPPPGGPGAYGPPPTGFPPVGAPPPGAAGAPGGNPFARGPSATGYRQSPYQQ
DP03930,Q811T9,728,852,125,C,TAALAVPRTPHPEEEKSPLQVLQEWDTHSALSPHCAAGPWKEDSHIVSAEVGEKCEAIGVKLLHLEDQLLGAMYSHDEALFQSLQGELQTVKETLQAMILQLQPTKEAGEASASYPTAGAQETEA
DP03931,Q9NRI5,718,771,54,Internal,DERQMDDLEGAAPPIPPRLHSEDKRKTPLKVLEEWKTHLIPSLHCAGGEQKEES
DP03933,Q9TU17,98,141,44,Internal,HLVRMEEKRKEREEEPPKAAGPAEEHQDPAPVRDDRGKVRIAGA
DP03933,Q9TU17,223,413,191,C,GWKKLKQGMTSPFRPDTPGSRAGSAKPMGGSPLLLPPNSAPPAVTIGFPPYYAPSASSLGQASAPGYPEPPLPAALPGTPGTPGTPGTLGGGGGNQGLRAPAQNCANREAEPQTSARKASPPASTPPAAPAGGPQQFLPGGAAGSSGDSDGEGAVTAVELHAPPEPPADPGRSSKASKSSGGRARAADLAI
DP03934,P55917,98,153,56,Internal,HHVRMEEKRKEREAEELSQQSPGNGGERAPLAADQGSVKKSSSSSKGTKKFRLEGT
DP03934,P55917,235,440,206,C,GLKKIRSAFKRPVEQPLGEIPEKSLHSIAVSSIQKAKGYQLLEEEKIVSHYFPLTEVGMVEASPLSAKPFSQFEEKVGPGPLGDLSRAYQETLPSYAQVGAQEGVEEEQPIEAAAEPEVGDKSQEAERVSTEGEETLAVLEEEKVEPPEVEKEAEKEETPPEKVSKQELTPEKAPSLCAELPGEDTRPLSRLSKASSRARSDDLTV
DP03935,P28234,252,356,105,C,STSLVQGLTPPPDFNQCLKNSPDEKFFSDFSNNMGSRKNPDPLATEEVPNQEQIPEEGFIHTQYGQKPEQPSGASAGHRFPQGYHSDKRRLSKASSKARSDDLSV
DP03937,Q03190,270,333,64,C,GEGPSSPPCPTYNGLSSTEQNWANLTTEERLTSTRPPPFVNAAPQGGQKSSSRPNSSASKKQYV
DP03938,P29353-2,1,41,41,N,MNKLSGGGGRRTRVEGGQLGGEEWTRHGSFVNKPTRGWLHP
DP03938,P29353-2,192,207,16,Internal,STIGQAFELRFKQYLR
DP03939,B0JEU3,418,450,33,Internal,PHLGRQSQSPWSRGQGREQEREQEQEQEEGDVH
DP03939,B0JEU3,543,569,27,C,HRQQRERGEEGRRGQDQYLSSILDFVF
DP03940,Q8S4P9,25,59,35,Internal,QQRRDGKQICEEKARERQQEEGNSSEESYGKEQEE
DP03940,Q8S4P9,433,448,16,C,PNKQQEEGGRGGRAFE
DP03941,Q20010,2,122,121,Internal,NNYDDLPCSIYFKKPTVQEFVDQPRVFEDSEVPAFQEVLQLPQERTKPPVPSTQPIVAAVEVAKKKSCLSAPKPRKEPPSHPALRQKTVAFGKTVNVSQTVEGTSRNSKKVLASTMSAQNT
DP03941,Q20010,269,404,136,C,MSEVRYGSGVNPALMRETLTVERSIRYDNGLASIDSRQWTNERRDNRAPDSYRTYEPDQPCHSLYQKGQSISYYPSEAAGKTTARNNRTGYYVEDSSDHEEDVVVNKRGQNYHEQAVPETPAERERRIREKYARRK
DP03942,P34413,1,22,22,N,MAKKPKNSPEKSKYSSDTSSSL
DP03943,A7M6E7,80,89,10,Internal,LGEETMGTFA
DP03947,P0A8J8,404,421,18,C,TGNGPRRTGAPRNRRRSG
DP03948,Q8WQM8,1,28,28,N,MATEGARNIGQSAPEGKVQMDCPSRHNF
DP03948,Q8WQM8,194,214,21,Internal,KFKHPKIPSLSTSDLESNIPN
DP03950,Q02020,1,61,61,N,ASVEYDNEEDSPQIDARAHRPLDKRQEAAPTLRPVAPPISGTGYQPRPPKQDKQAMKKGPI
DP03951,O93568,30,111,82,Internal,TRENCCILDERFGSYCPTTCGIADFFNKYRLTTDGELLEIEGLLQQATNSTGSIEYLIQHIKTIYPSEKQTLPQSIEQLTQK
DP03951,O93568,420,435,16,C,IDGQQHSGGLKQVGDS
DP03972,Q62768,1341,1351,11,Internal,GTGNVPASACS
DP03972,Q62768,1458,1467,10,Internal,HMVREEAKSL
DP03972,Q62768,1517,1531,15,Internal,ATDLLIKTFVQTQSA
DP03973,P33891,217,234,18,Internal,ETQNGDSERPLSRSNNNQ
DP03974,P53847,1,36,36,N,MESLFPNKGEIIRELLKDPLILKNDSKRSNGSELEL
DP03974,P53847,388,467,80,Internal,EKIGKNDSDVQNEKELHNAVSKDDDWNWEVEDDDADAWGDEIDVNIDDEEEKTNQEKEKEPEEEENAWDEAWAIDENIDD
DP03978,P19658,222,233,12,Internal,KEISTAKNAPYE
DP03979,F2SDI0,585,815,231,C,MLQRSRPDIDLSTPSIKRDADAAAAAAAKDEPKLSSSVIDPALSRASADMDEDAAPRRSPSSTPTPTATTAAAAGPDDRQPVGEQQWVENVRLLQRLRDYVLERLNNGDYVDEDKQEDSDKEEDAKTDKASPGSASASDAATRAGEYPSIKMHGMEAIAAAAVAHEEGRDSQMPRDDEDQESPSTPTARSTTTMLDAEEEAKQAGENLYPVLKMAVDDDGADTDGDEKMGQ
DP03980,Q80U30-3,347,472,126,Internal,PAQDVPRSSAKPSIRCFIKPTETLERSLEMNKHKGKKRMQKRPNYKNVGEEEDEERGSAEDAQEDAEKTKGTEGGSKSMKTSGEREEIEMVIMKLGKLSEVAAAGTSVQEQNTTDEEKSAATNSEN
DP03982,Q7Y1A0,1,210,210,IDP,MADQYEQNKPSVEETVGANVEATDRGLFDFIGKKEEEKPSHAHEEEAISSEFCEKVKVSEEEEHKEKEKKEEKKLHRSSSSSSSSSDEEEEIGEDGQIIKKKKKKGLKEKIKEKISGDHKEEVKTEDTSVPVEKYEETEEKKGFLEKIKEKLPGGGHKKTEEVAAPPPPPPAAVDHEAEGKEKKGFLDKIKEKLPGYHSKTEEEKEKEKD
DP03984,Q9Z4N3,21,143,123,C,TETVNIHERVNNAQAPAHQMQSAAAPVGIQGTAPRMAGMDQHEQAIIAHETMTNGSADAHQKMVESHQRMMGSQTVSPTGPSKSLAAMNEHERAAVAHEFMNNGQSGPHQAMAEAHRRMLSAG
DP03985,Q922S8,183,223,41,Internal,SVRRKSCIVKEMEKMKNKREEKRAQNSELRIKRAQEYDSSF
DP03988,Q86WX3,1,136,136,IDP,MSAALLRRGLELLAASEAPRDPPGQAKPRGAPVKRPRKTKAIQAQKLRNSAKGKVPKSALDEYRKRECRDHLRVNLKFLTRTRSTVAESVSQQILRQNRGRKACDRPVAKTKKKKAEGTVFTEEDFQKFQQEYFGS
DP03989,Q2YLR6,22,85,64,Internal,QSSRLGNLDNVSPPPPPAPVNAVPAGTVQKGNLDSPTQFPNAPSTDMSAQSGTQVASLPPASAP
DP03990,Q92597,312,394,83,C,MGYMPSASMTRLMRSRTASGSSVTSLDGTRSRSHTSEGTRSRSHTSEGTRSRSHTSEGAHLDITPNSGAAGNSAGPKSMEVSC
DP03992,P0A7I7,175,196,22,C,RNPNNEHYLDTKAEKMGHLLNK
DP03993,Q12395,1,11,11,N,MSNNKIKRKDA
DP03993,Q12395,56,65,10,Internal,GTFTDEVSTV
DP03994,P42641,338,390,53,C,VQAEEAKQPEKVEFMWDDYHRQQLEEIAEEDDEDWDDDWDEDDEEGVEFIYKR
DP03995,P40484,86,97,12,Internal,PKRHAPPPEQLQ
DP03995,P40484,114,125,12,Internal,QPQAGTTVTTHQ
DP03996,C0IR59,173,193,21,Internal,AVAVTRNSNARNRAAAEKTEI
DP03996,C0IR59,258,271,14,Internal,GSRYCDNDGSQDEG
DP03996,C0IR59,353,391,39,Internal,IDEEADNFDELKTLSDGLRNIKASKIAQALFSPIAKAGT
DP03997,A0A3Q7EK40,275,287,13,Internal,SKFTGNTKHCRDM
DP03997,A0A3Q7EK40,374,391,18,Internal,KAKCLPELETNGKSIARK
DP03997,A0A3Q7EK40,416,435,20,Internal,WEQVDQSVGEHFINRDQPNS
DP03998,O25119,86,117,32,Internal,LEYARELLTRTLGSEEAKKVMDKLTKSLQTQK
DP03999,Q8IL97,126,174,49,Internal,YKNNDNIYNDMNKINLGYGKNIICNSCNNTINVCSQNEIERNFKLEEFN
DP04002,Q71RI2,201,300,100,Internal,EEREKWCSEEKCVTEKKGCVKGEGRRGNSLEPGTRAQIILDRGRGNSLLPNKMAVLAAEKKPLTDQEKGREMYQILVITEDIEKEIENALGPGPQEEILS
DP04005,Q9WID3,1849,1870,22,Internal,AQKKNKRQKQKLKFRDAHDQKV
DP04006,Q9RV58,104,245,142,Internal,VADTAKDAGQNVGQNVKREAADLADQAKDKAQDVKADVSKAADQAKDKAQDVAQNVQAGAQQAAANVKDKVQDVKADASKAADQAKDKAQDVAQNVKQGAQQAASDAKDKVQDVKADASRAADQAKDKAQDVAQNVKQSAQD
DP04007,G5EFU3,226,702,477,Internal,AYNSAKDKAGDAWDSTKDAAGDAKDKTKSFTEKVGDKISGAYDSVKEKASDVADSFKAHSTDSKDNVENKAADAYNTAKDKASDAWDKTKDKAGEAKDKMGDAWDTTKDKAGDAWDTTKDKAGDGKGKAGDAWDTTKDKASDAWDTTKDKAGEAKDKMGEAWDHTKDKAGEAKDKASDAADDAQGKSKSMTEKIGDSISGAWESTKDTAVSAKDKTAEAAGKVGDSISGAYDTVKEKASDIADSFKAHSTDSKDNVENKAADAYNSAKDKASDAWDKTKDKAGDAKDKAADAWDTTKDKAGDAWDSTKDHAADAKDKASDAAGDAKDKSKSLTEKAGDAISGAYDSVKEKASDIADSFKAHSTNSKDNVENKASDAYNSAKDKASDAWDKTKDKAGEAKDKAGDAWDNTKDKAGNAWDSTKDKASDAWDTTKDKASDAKESAGDAADSAKDKSKSITETIGDKISGAYDSVKEKASD
DP04008,Q8S8Z3,42,162,121,Internal,TAQKAQQKAQETAQAAKDKTSQAAQTTQQKAQETAQAAKDKTSQAAQTTQQKAHETTQSSKEKTSQAAQTAQEKARETKDKTGSYLSETGEAVKQKAQDAAQYTKETAQNAAQYTKETAEA
DP04009,O64820,1,92,92,IDP,MEDQKKPPTTEQEVKEVKNDDLESIKTPYLDYDNLEDYKMKGYGAQGHQEPKLGMGGGATDAPTPSGGLGRGGGAASTDLSSTDAINRQGVP
DP04010,Q94K79,1,83,83,IDP,MEAGKTPPTTTTTTEKKTEQVKDNDLPTDSPYMATGTLEDHKLKAYGAEGHQEPTPGLGGGSTDAPTPSGDAPAATTTDAKAP
DP04011,O23658,1,71,71,IDP,MSKSEEKQELPLETSPYTKYEDIEDYKKNAYGTSGHQDVKPGHGGGTTDAPTPSGDAAPSAIDSANQKAKK
DP04012,Q02973,1,92,92,IDP,MASQQEKKQLDERAKKGETVVPGGTGGKSFEAQQHLAEGRSRGGQTRKEQLGTEGYQQMGRKGGLSTGDKPGGEHAEEEGVEIDESKFRTKT
DP04014,Q9LL46,1,82,82,IDP,MEKEKKTESEQGKVNLEGLPTEDSPYVKYKDLEDYKQQGYGTQGHQEPKTGRGAGATEAPTLSGAAFSSKSQATATGATNHK
DP04015,Q9ZPQ7,50,189,140,C,AAVKGAGNSPNDPKWLDDASEKASGYVKEKGSEVGNVSAQKGQELQNQMERAKDYIFGKAGEAMDSVAENAKRASDFVTEKGKEVKEETTSRTDKAKDFIVEKAGDVKDTAMDMRNKTSKYVGDKATEAKEAILPPKTDA
DP04016,Q9SIN3,1,635,635,IDP,MASEQARRENKVTEREVQVEKDRVPKMTSHFESMAEKGKDSDTHRHQTEGGGTQFVSLSDKGSNMPVSDEGEGETKMKRTQMPHSVGKFVTSSDSGTGKKKDEKEEHEKASLEDIHGYRANAQQKSMDSIKAAEERYNKAKESLSHSGQEARGGRGEEMVGKGRDSGVRVSHVGAVGGGGGGEEKESGVHGFHGEKARHAELLAAGGEEMREREGKESAGGVGGRSVKDTVAEKGQQAKESVGEGAQKAGSATSEKAQRASEYATEKGKEAGNMTAEQAARAKDYALQKAVEAKETAAEKAQRASEYMKETGSTAAEQAARAKDYTLQKAVEAKDVAAEKAQRASEYMTETGKQAGNVAAQKGQEAASMTAKAKDYTVQKAGEAAGYIKETTVEGGKGAAHYAGVAAEKAAAVGWTAAHFTTEKVVQGTKAVAGTVEGAVGYAGHKAVEVGSKAVDLTKEKAAVAADTVVGYTARKKEEAQHRDQEMHQGGEEEKQPGFVSGARRDFGEEYGEERGSEKDVYGYGAKGIPGEGRGDVGEAEYGRGSEKDVFGYGPKGTVEEARRDVGEEYGGGRGSERYVEEEGVGAGGVLGAIGETIAEIAQTTKNIVIGDAPVRTHEHGTTDPDYMRREHGQR
DP04017,Q6UNL8,1,554,554,IDP,MNQYGREQQDTGLVGSGTGHRDEYGNPRQEGIMDKVKNAVGMGPSSGTGYNNQPGYDNYGNPRQEGLVDKAKDAVGMGPSLGTGYNNQPGYDSYGNREGIVDRAKDAVGMGPNSGTGYNNQPGYDNYGDRRHEGLADRAKDAVGMGPNSGYNHQPGYDNYGNREGVVDKAKDAVGMGPNSGTGYNNQPGYDSYGTRRQEGLVDRAKDAVGMGPNSGTGYNNQPGYDNYGNPRREGVVDRAKDAVGMGPNSGYNNQPGYDNYGNREGIVDKAKDAVGVGPHSGTGYHNQPSYDNYGNPRQEGIVDRAKDAVGMGPNSGTGYNNQSDYDSYGNPRHEGMLDKAKDDFDMGPNSGTGYNNRPGYDTYGDRKHEGIGDKVRDAIGTGPNSGYDSRTPTGTDAYVHGNHPPGMQDRITGVNEPSILGGRENVDRHGFGHDGRQHHGLLDNVTLQSGHIPETMVGGRRVEPGYDMTKSAGHHLTDLGHHGNDSGVTGLGHHDTDYDERRGKGFEDPIDNKTGLGSDYDTTETGSGYGATDTGAAPHKKGIITKIKEKLHH
DP04018,Q9LW12,1,225,225,IDP,MASNQQSYKAGETRGKAQEKTGQAMGTMRDKAEEGRDKTSQTAQTAQQKAHETAQSAKDKTSQTAQAAQQKAHETAQSAKEKTSQTAQTAQQKAHETTQAAKEKTSQAGDKAREAKDKAGSYLSETGEAIKNKAQDAAQYTKETAQGAAQYTKETAEAGRDKTGGFLSQTGEHVKQMAMGAADAVKHTFGMATEEEDKEHYPGSTTTTTATTRTTDPTHQTYQRK
DP04019,Q9T0H6,1,109,109,IDP,MSQQQFNAGQNRGQAQEKAEQWTESAKQTAQSACDKTADLTQSARDKAADLTQSARDKTADGSHSANKSAQHNQEQAAGLFGQTGESVKNMAQGALDGVKNSLGMNEKK
DP04020,A0A7G5VWW1,1,222,222,IDP,MAEENQNKYEETTATNSETEIKDRGVFDFLGGKKKDEEHIKPQEDAVATDFSHKVTLYEAPSETKVEEKEEGEKKHTSLLEKLHRSDSSSSSSSEEEVDGERRKKKKKEKKEKKEDTSVPVEKVDVVDGTTASTEEKKGFLDKIKEKLPGHKKTDDVTTPPPVVVAPAVPSAETTTTTASHDQGEKKGILEKIKEKIPGYHPKTATEHEDNKDHHKDETTSH
DP04022,Q6BDI9,1,14,14,N,MGQKASQQLALKDS
DP04022,Q6BDI9,117,130,14,Internal,SPPPVESKPCDLSN
DP04023,P10949,10,25,16,Internal,ASAQDARYGQKDSSDQ
DP04023,P10949,198,227,30,C,SLETDPAITAAKQNTRLKETPPPPQPNCGC
DP04024,P63040,71,134,64,C,GIKKKEEREAEAQAAMEANSEGSLTRPKKAIPPGCGDEPEEEDESILDTVIKYLPGPLQDMFKK
DP04026,P53228,1,11,11,N,MSEPSEKKQKV
DP04027,P37837,1,10,10,N,MSSSPVKRQR
DP04028,Q9CA59,165,184,20,Internal,LPNGVNHDDKKGNKRALPEE
DP04028,Q9CA59,194,203,10,Internal,QHKEDAGDEI
DP04028,Q9CA59,225,255,31,Internal,NDADEEDFDGDDDGDEEGEEDDDDEEEEDGE
DP04029,Q94A79,1,42,42,N,MYPTGQQISFQTTPLNVQDPTRMMNLDQSSPVARNETQNGGG
DP04029,Q94A79,410,420,11,C,SCTNQPMNTPR
DP04030,P41743,233,248,16,Internal,EKEAMNTRESGKASSS
DP04030,P41743,542,560,19,Internal,NISGEFGLDNFDSQFTNEP
DP04032,Q6ZT98,236,268,33,Internal,PNESNLTQLYMHLTNYSVNKHNEHFERDETENK
DP04032,Q6ZT98,383,450,68,Internal,SDKRRNLAKQKAEAQRRLYGQNSIKRLLPGSSDWEQQRHQLERRKEELKERLAQVRKQISREEHENRH
DP04032,Q6ZT98,485,518,34,Internal,AASFQRELNNPLKRMKEEDILDLLEQCEIDDEKL
DP04033,O15431,1,52,52,N,MDHSHHMGMSYMDSNSTMQPSHHHPTTSASHSHGGGDSSMMMMPMTFYFGFK
DP04035,Q8RN04,70,82,13,Internal,RDEIGGKGIFRPR
DP04036,Q6FML9,92,105,14,Internal,KSQDRVVKTRKGGR
DP04036,Q6FML9,227,236,10,Internal,KHNLSGNISE
DP04036,Q6FML9,301,312,12,C,DNTTADDKKKTI
DP04038,Q06069,68,80,13,Internal,RTTISVGTDSEEG
DP04040,Q9TZX2,179,188,10,C,KGDAKKKEGH
DP04042,O00834,17,27,11,Internal,VGPEAYGEASH
DP04044,P50489,261,272,12,Internal,RYCNKDESKRNS
DP04044,P50489,351,387,37,Internal,KQYEQHLTDYEKIKEGFKNKNASMIKSAFLPTGAFKA
DP04045,Q7KQK5,351,387,37,Internal,KQYEQHLTDYEKIKEGFKNKNASMIKSAFLPTGAFKA
DP04046,P62368,82,97,16,Internal,YNTYANNDFNKNEQSF
DP04051,Q8IJ45,375,389,15,Internal,KQPRTEANPALTVHE
DP04052,Q8I639,2333,2349,17,Internal,ICNKYKNINVNMKKNND
DP04055,Q2WF71,233,242,10,Internal,RSQGGGPKPP
DP04056,Q96NI6,222,231,10,Internal,LATSGIISPS
DP04056,Q96NI6,292,378,87,Internal,HTHEMRVLEGQRATLRCKARGDPEPAIHWISPEGKLISNATRSLVYDNGTLDILITTVKDTGAFTCIASNPAGEATQIVDLHIIKLP
DP04057,Q8BPQ7,390,413,24,Internal,FPKLRKRSPQGSSESTSSDKEDDE
DP04058,Q9R0M6,178,199,22,Internal,RSEHLIQTDTVNLHRKPKPNSS
DP04059,Q8BXA0,216,233,18,Internal,FQRAQVLATSGIISPSTF
DP04060,Q8LGG8,56,65,10,Internal,VDEDGFDDVD
DP04062,Q9Y4B6,1486,1499,14,Internal,LGDTDSSDNSDLED
DP04063,P07275,23,42,20,Internal,KPPKHIRNEPVKPFRNIDLK
DP04063,P07275,379,395,17,Internal,NVVPMNTSASPISGGNL
DP04063,P07275,524,546,23,Internal,AVVSQQWFGGARMSGTDDKAGGP
DP04063,P07275,566,575,10,C,TDFKYPSNYE
DP04064,Q62765-2,548,562,15,Internal,PQDTKFIHTKPNRFE
DP04065,P38319,1,78,78,N,MSRETNFNGTKRKRSDVAEKVAQRWKSVRYSAEMENMAPVNSNNDSDDCVIVSESKIIDLTNQEQDLSERIETNDTAK
DP04065,P38319,342,352,11,Internal,AKDTAGRKKAE
DP04066,P0A8P8,101,110,10,Internal,ASPKLPQRLP
DP04068,P19632,1,12,12,N,MEKAKSQSLEED
DP04068,P19632,36,67,32,Internal,SEDSDSVAHSKKEILRQMSSPQSRDDKDSKER
DP04068,P19632,231,245,15,C,EMHVLEQTNMEEDME
DP04072,Q12402,79,88,10,Internal,LKTPTSTDDT
DP04084,P37093,1,13,13,N,MTEMVISPAERQS
DP04084,P37093,82,96,15,Internal,RDSSEARQLMEDIGA
DP04087,P07206,21,38,18,Internal,DNGSSSSSSGNPDTPDNQ
DP04089,P0AGD7,341,368,28,Internal,MKNMGGMASLMGKLPGMGQIPDNVKSQM
DP04090,P26949,23,39,17,Internal,AYTFDSTMLDTNSGESI
DP04090,P26949,145,158,14,Internal,RFDGIMPMQLWDDG
DP04091,P26926,130,145,16,Internal,EDIWVDDATNKQKFNP
DP04092,P02710,205,222,18,Internal,YRGWKHWVYYTCCPDTPY
DP04092,P02710,356,393,38,Internal,ASKEKQENKIFADDIDISDISGKQVTGEVIFQTPLIKN
DP04096,A0A0B4JDC9,909,935,27,Internal,LRAVGQHAANVGQTGGAGRPGQEEAPG
DP04097,P46097,8,41,34,Internal,NQEPNVAPATTTATMPLAPVAPADNSTESTGPGE
DP04102,P17993,1,15,15,N,MNAEKSPVNHNVDHE
DP04103,P0AC51,153,171,19,C,RHPEQCQHDHSVQVKKKPR
DP04110,P0A8W0,1,29,29,N,MGLMNAFDSQTEDSSPAIGRNLRSRPLAR
DP04110,P0A8W0,247,263,17,C,SVSATWHAFGQTTNKKK
DP04118,O43665,10,31,22,Internal,SRKRPPSDIHDSDGSSSSSHQS
DP04118,O43665,98,121,24,Internal,LSSKASSQVNVEGQSRLNEKILEE
DP04122,P93343,241,260,20,C,MQDDGADEIKEDPKPDEAKN
DP04125,P06702,87,114,28,C,TWASHEKMHEGDEGPGHHHKPGLGEGTP
DP04126,P95493,662,673,12,Internal,GTSIADVANDKP
DP04127,W1QJK4,1,19,19,N,MPPSSRDAVRVTASAHMKH
DP04127,W1QJK4,47,56,10,Internal,PRSNTLSSLP
DP04127,W1QJK4,115,128,14,Internal,DGLKFKQKASLFPG
DP04127,W1QJK4,141,158,18,Internal,NRDQLILSNAGTIEFLYG
DP04128,P15126,1,43,43,N,MGFVKVVKNKAYFKRYQVKFRRRREGKTDYYARKRLVIQDKNK
DP04130,P32911,1,25,25,N,MSIENLKSFDPFADTGDDETATSNY
DP04131,Q5TDH0,116,133,18,Internal,QQSHSSPGEITSSPQGLD
DP04131,Q5TDH0,192,212,21,Internal,LFSADPFDLEAQAKIEEDIRQ
DP04132,Q9NZC2,131,174,44,Internal,DPLDHRDAGDLWFPGESESFEDAHVEHSISRSLLEGEIPFPPTS
DP04132,Q9NZC2,189,206,18,Internal,AASALWAAAWHGQKPGTH
DP04133,P02649,19,41,23,Internal,KVEQAVETEPEPELRQQTEWQSG
DP04133,P02649,100,109,10,Internal,LTPVAEETRA
DP04133,P02649,183,242,60,Internal,GAREGAERGLSAIRERLGPLVEQGRVRAATVGSLAGQPLQERAQAWGERLRARMEEMGSR
DP04134,O54918-2,1,113,113,N,MAKQPSDVSSECDREGGQLQPAERPPQLRPGAPTSLQTEPQDRSPAPMSCDKSTQTPSPPCQAFNHYLSAMASIRQSQEEPEDLRPEIRIAQELRRIGDEFNETYTRRVFAND
DP04139,O14497,1,1016,1016,N,MAAQVAPAAASSLGNPPPPPPSELKKAEQQQREEAGGEAAAAAAAERGEMKAAAGQESEGPAVGPPQPLGKELQDGAESNGGGGGGGAGSGGGPGAEPDLKNSNGNAGPRPALNNNLTEPPGGGGGGSSDGVGAPPHSAAAALPPPAYGFGQPYGRSPSAVAAAAAAVFHQQHGGQQSPGLAALQSGGGGGLEPYAGPQQNSHDHGFPNHQYNSYYPNRSAYPPPAPAYALSSPRGGTPGSGAAAAAGSKPPPSSSASASSSSSSFAQQRFGAMGGGGPSAAGGGTPQPTATPTLNQLLTSPSSARGYQGYPGGDYSGGPQDGGAGKGPADMASQCWGAAAAAAAAAAASGGAQQRSHHAPMSPGSSGGGGQPLARTPQPSSPMDQMGKMRPQPYGGTNPYSQQQGPPSGPQQGHGYPGQPYGSQTPQRYPMTMQGRAQSAMGGLSYTQQIPPYGQQGPSGYGQQGQTPYYNQQSPHPQQQQPPYSQQPPSQTPHAQPSYQQQPQSQPPQLQSSQPPYSQQPSQPPHQQSPAPYPSQQSTTQQHPQSQPPYSQPQAQSPYQQQQPQQPAPSTLSQQAAYPQPQSQQSQQTAYSQQRFPPPQELSQDSFGSQASSAPSMTSSKGGQEDMNLSLQSRPSSLPDLSGSIDDLPMGTEGALSPGVSTSGISSSQGEQSNPAQSPFSPHTSPHLPGIRGPSPSPVGSPASVAQSRSGPLSPAAVPGNQMPPRPPSGQSDSIMHPSMNQSSIAQDRGYMQRNPQMPQYSSPQPGSALSPRQPSGGQIHTGMGSYQQNSMGSYGPQGGQYGPQGGYPRQPNYNALPNANYPSAGMAGGINPMGAGGQMHGQPGIPPYGTLPPGRMSHASMGNRPYGPNMANMPPQVGSGMCPPPGGMNRKTQETAVAMHVAANSIQNRPPGYPNMNQGGMMGTGPPYGQGINSMAGMINPQGPPYSMGGTMANNSAGMAASPEMMGLGDVKLTPATKMNNKADGTPKTESKSKKSSSSTTTNEKITKLYELGG
DP04139,O14497,1124,1611,488,Internal,KKSQPKIQPPSPAGSGSMQGPQTPQSTSSSMAEGGDLKPPTPASTPHSQIPPLPGMSRSNSVGIQDAFNDGSDSTFQKRNSMTPNPGYQPSMNTSDMMGRMSYEPNKDPYGSMRKAPGSDPFMSSGQGPNGGMGDPYSRAAGPGLGNVAMGPRQHYPYGGPYDRVRTEPGIGPEGNMSTGAPQPNLMPSNPDSGMYSPSRYPPQQQQQQQQRHDSYGNQFSTQGTPSGSPFPSQQTTMYQQQQQNYKRPMDGTYGPPAKRHEGEMYSVPYSTGQGQPQQQQLPPAQPQPASQQQAAQPSPQQDVYNQYGNAYPATATAATERRPAGGPQNQFPFQFGRDRVSAPPGTNAQQNMPPQMMGGPIQASAEVAQQGTMWQGRNDMTYNYANRQSTGSAPQGPAYHGVNRTDEMLHTDQRANHEGSWPSHGTRQPPYGPSAPVPPMTRPPPSNYQPPPSMQNHIPQVSSPAPLPRPMENRTSPSKSPFLHSGM
DP04140,Q8R4E9,420,451,32,Internal,PAASPSALKGVSQALLERIRAKEVQKQLARMT
DP04141,Q96E09,1,124,124,N,MAQEKMELDLELPPGTGGSPAEGGGSGGGGGLRRSNSAPLIHGLSDTSPVFQAEAPSARRNSTTFPSRHGLLLPASPVRMHSSRLHQIKQEEGMDLINRETVHEREVQTAMQISHSWEESFSLS
DP04142,Q09312,570,632,63,C,PIYELQSSGHDSFKTDYFSTASEHDGPELEKNGIEEGSLMLEPRSNKSSVSVKFSSSGSHGDD
DP04144,P21707,80,142,63,Internal,KKCLFKKKNKKKGKEKGGKNAINMKDVKDLGKTMKDQALKDDDAETGLTDGEEKEEPKEEEKL
DP04145,P21579,81,142,62,Internal,KKCLFKKKNKKKGKEKGGKNAINMKDVKDLGKTMKDQALKDDDAETGLTDGEEKEEPKEEEK
DP04148,P08453,1,162,162,N,MKTLLILTILAMAITIGTANIQVDPSGQVQWLQQQLVPQLQQPLSQQPQQTFPQPQQTFPHQPQQQVPQPQQPQQPFLQPQQPFPQQPQQPFPQTQQPQQPFPQQPQQPFPQTQQPQQPFPQQPQQPFPQTQQPQQPFPQLQQPQQPFPQPQQQLPQPQQPQ
DP04149,P51788,1,88,88,N,MAAAAAEEGMEPRALQYEQTLMYGRYTQDLGAFAKEEAARIRLGGPEPWKGPPSSRAAPELLEYGRSRCARCRVCSVRCHKFLVSRVG
DP04149,P51788,409,418,10,Internal,QGLVEELEPP
DP04149,P51788,561,572,12,Internal,KLPYLPELGWGR
DP04149,P51788,645,753,109,Internal,RRQHMQERRATQTSPLSDQEGPPTPEASVCFQVNTEDSAFPAARGETHKPLKPALKRGPSVTRNLGESPTGSAESAGIALRSLFCGSPPPEAASEKLESCEKRKLKRVR
DP04149,P51788,846,898,53,C,QGVKVRPPLASFRDSATSSSDTETTEVHALWGPHSRHGLPREGSPSDSDDKCQ
DP04151,O49255,162,268,107,C,RGASKLLNEQEGFMDEVLMEDETKVVVNEAERRTEEEIMMMTSMKLPRTCSLAHLLEMDYMGPVSHIDNFSQFDHLHQPDSESSWFGDLQFNQDEILNHHRQAMFKF
DP04152,Q9C932,163,317,155,C,QSSAQKQVYDNGIANAREFSNNGTSSTTSSSSHFEDVLDSFHQEIDNRNFQFSNPNRISSLRPDLTEQKTGFHGLADTSNFDWASFAGNVEHNNSVPELGMSHVVPNLEYNCGYLKTEEEVESSHGFNNSGELAQKGYGVDSFGYSGQVGGFGFM
DP04153,Q6NQK2,210,449,240,C,YQQPQQLVVKRGDKAEQEVSEDIFAAVTPTADPVTPKLATPEPRNAVRICSDSHIASDYVTPSDYVSAHEVSLAETSEVMCMEDEVQSIQPNHERPSSGPELEHGLENGAKEMLDDKEEQEKDRDNENQGEEDPTWFDSGSQFILNSQQLVEALSLCDDLLGSQDREENTNSGSLKDKQPCIADYAHLGPEDFKRDLEECQKIVLDPSNIELDTPPEFRLSQLEFGSQDSFLAWGTGKTD
DP04154,Q9XIN7,156,335,180,C,NADFRASSTQKMEDGVVQDDGYVGQRGGLEKEDKSYYESEHQIPNGDIAESSNVVEDQADTDDDCYAEILNDDIIKLDEEALKASQAFRPTNPTHQETISSESSSKRSKCGIKKESTETMNCYALFRIKNVAGTDSSWRFPNPFKIKKDDSQRLMKNVLATTVFLAILFSFFWTVLIARN
DP04155,P28749,612,687,76,Internal,MPMSPLMHPRVKEVRTDSGSLRRDMQPLSPISVHERYSSPTAGSAKRRLFGEDPPKEMLMDKIITEGTKLKIAPSS
DP04156,Q96B97,163,263,101,Internal,GISQDEQLSKSSLRETTGSESDGGDSSSTKSEGANGTVATAAIQPKKVKGVGFGDIFKDKPIKLRPRSIEVENDFLPVEKTIGKKLPATTATPDSSKTEMD
DP04157,O00418,562,597,36,Internal,GELEAIVGLGLMYSQLPHHILADVSLKETEENKTKG
DP04158,Q9BX66,851,867,17,Internal,PPAEKAQPKKLTPVQVL
DP04159,A0A0H2ZJC1,1,55,55,N,MSEEELEQDELDGADEDDGEELAAADDGEADSSDGDEAPAPGKKAKAAVVEEELP
DP04159,A0A0H2ZJC1,77,105,29,C,RGGKVQEIEPNVVADPPKKPDSKYGSRPI
DP04160,Q0B311,296,315,20,C,APAPSGDQDDASEYEEGVIR
DP04161,B7UM99,1,80,80,N,MPIGNLGNNVNGNHLIPPAPPLPSQTDGAARGGTGHLISSTGALGSRSLFSPLRNSMADSVDSRDIPGLPTNPSRLAAAT
DP04161,B7UM99,198,233,36,Internal,VDTRSVGVGSASGIDDGVVSETHTSTTNSSVRSDPK
DP04161,B7UM99,388,550,163,C,RRNQPAEQTTTTTTHTVVQQQTGGNTPAQGGTDATRAEDASLNRRDSQGSVASTHWSDSSSEVVNPYAEVGGARNSLSAHQPEEHIYDEVAADPGYSVIQNFSGSGPVTGRLIGTPGQGIQSTYALLANSGGLRLGMGGLTSGGESAVSSVNAAPTPGPVRFV
DP04163,P32120-2,349,393,45,Internal,PHDHIALPRPQSAAPETDAPVDTNLIEFETNYATDDDIVFEDFAR
DP04164,O94885,396,564,169,Internal,GLGSLSHGRTCSFGGFDLTNRSLHVGSNNSDPMGKEGDFVYKEVIKSPTASRISLGKKVKSVKETMRKRMSKKYSSSVSEQDSGLDGMPGSPPPSQPDPEHLDKPKLKAGGSVESLRSSLSGQSSMSGQTVSTTDSSTSNRESVKSEDGDDEEPPYRGPFCGRARVHTD
DP04165,E7CC86,147,166,20,C,DWAPNHELMFEELVSDMWNS
DP04166,P56536,325,338,14,Internal,KTIKNTVSVNLELT
DP04167,Q8N6T7,1,25,25,N,MSVNYAAGLSPYADKGKCGLPEIFD
DP04167,Q8N6T7,62,84,23,Internal,PDFRGPHGVWTMEERGLAPKFDT
DP04167,Q8N6T7,270,355,86,C,GLEIPAWDGPRVLERALPPLPRPPTPKLEPKEESPTRINGSIPAGPKQEPCAQHNGSEPASPKRERPTSPAPHRPPKRVKAKAVPS
DP04169,O00499,1,41,41,N,MAEMGSKGVTAGKIASNVQKKLTRAQEKVLQKLGKADETKD
DP04170,P34174,151,164,14,C,PSMDVAVGEILAEV
DP04171,Q92784-1,60,200,141,Internal,RHRGPGLAPGQLYTYPARCWRKKRRLHPPEDPKLRLLEIKPEVELPLKKDGFTSESTTLEALLRGEGVEKKVDAREEESIQEIQRVLENDENVEEGNEEEDLEEDIPKRKNRTRGRARGSAGGRRRHDAASQEDHDKPYVC
DP04171,Q92784-1,222,259,38,Internal,LASEEGDEAQDQETRSPPNHRNENHRPQKGPDGTVIPN
DP04172,Q61474,185,362,178,C,QPKEVMSPTGSARGRSRVMPYGMDAFMLGIGMLGYPGFQATTYASRSYTGLAPGYTYQFPEFRVERSPLPSAPVLPELTAIPLTAYGPMAAAAAAAAVVRGTGSHPWTMAPPPGSTPSRTGGFLGTTSPGPMAELYGAANQDSGVSSYISAASPAPSTGFGHSLGGPLIATAFTNGYH
DP04173,Q9BUR4,1,150,150,N,MKTLETQPLAPDCCPSDQDPAPAHPSPHASPMNKNADSELMPPPPERGDPPRLSPDPVAGSAVSQELREGDPVSLSTPLETEFGSPSELSPRIEEQELSENTSLPAEEANGSLSEEEANGPELGSGKAMEDTSGEPAAEDEGDTAWNYSF
DP04173,Q9BUR4,199,209,11,Internal,PPELYHEGEQV
DP04173,Q9BUR4,442,452,11,Internal,TDGPGNDGKPE
DP04173,Q9BUR4,486,503,18,Internal,PEPTESGDEGEELGLPLL
DP04173,Q9BUR4,511,548,38,C,ECRLQLWWCGGAPDSSIPDDHQGEKGQGGTEGGVGELI
DP04174,Q12211,1,71,71,N,MSEENLRPAYDDQVNEDVYKRGAQSKLTKARKADFDDEKDKKKDNDKHIDKRPKSGPRLDENGNPLPKEPR
DP04174,Q12211,254,266,13,Internal,AYVPPARDEFDIN
DP04174,Q12211,464,483,20,Internal,NKVTGAQGEETADKSGPAVQ
DP04174,Q12211,494,544,51,C,GIPGLTDAPESNKKIKQRKRMEEEEAASKKAEISSTTQSNEPEVQPEAAAN
DP04175,Q08647,1,36,36,N,MSDSSEATVKRPLDAHVGPSENAAKKLKIEQRTQAD
DP04175,Q08647,87,201,115,Internal,KMPKKPQRSKEEVNAEKESEAARRQEFNVDPELRNQLVEIFGEEDVLKIESVYRTANKMETAKNFEDKSVRTKIHQLLREAFKNELESVTTDTNTFKIARSNRNSRTNKQEKINQ
DP04175,Q08647,485,506,22,Internal,EKSPLISGIDDEDFDEDVREAQ
DP04175,Q08647,662,676,15,C,ETSRRGDMCDVKENI
DP04176,P9WHP7,112,139,28,Internal,GEIRQVPSSVSAIKVGGRRAYRLARQGR
DP04177,P05114,1,100,100,IDP,MPKRKVSSAEGAAKEEPKRRSARLSAKPPAKVEAKPKKAAAKDKSSDKKVQTKGKRGAKGKQAEVANQETKEDLPAENGETKTEESPASDEAGEKEAKSD
DP04178,O14746,180,321,142,Internal,AATQARPPPHASGPRRRLGCERAWNHSVREAGVPLGLPAPGARRRGGSASRSLPLPKRPRRGAAPEPERTPVGQGSWAHPGRTRGPSDRGFCVVSPARPAEEATSLEGALSGTRHSHPSVGRQHHAGPPSTSRPPRPWDTPC
DP04178,O14746,418,443,26,Internal,AVTPAAGVCAREKPQGSVAAPEEEDT
DP04179,P30519,1,29,29,N,MSAEVETSEGVDESEKKNSGALEKENQMR
DP04179,P30519,249,264,16,Internal,LEDGFPVHDGKGDMRK
DP04180,O60232,1,12,12,N,MALNGAEVDDFS
DP04180,O60232,78,111,34,Internal,SDVDKDNPALNAQAALSQAREHQLASASELPLGS
DP04182,Q99453,228,240,13,Internal,GPGGPGGEPGKGG
DP04182,Q99453,261,314,54,C,GGLAAAGGPGQGWAPGPGPITSIPDSLGGPFASVLSSLQRPNGAKAALVKSSMF
DP04183,Q9ZHD1,1,21,21,N,MLKHISHGDMNAASDASVQQV
DP04184,P68633,38,67,30,Internal,ATHAAFEYSKSIGGTPALDRRVQDVNDTIS
DP04185,C1LGM4,74,114,41,Internal,KQEKAPHEKIVSYENGDNVNLSEAINVQLTLDTKLPEAKEL
DP04186,C7G3K3,22,55,34,Internal,AKKPFVQRVKNAASKAYNKLKGLAMQSQYGCPII
DP04187,O25506,55,94,40,C,EQKGKEGKVPGSDKTYKTEDKRVPKFKPGKTLKQKVEEGK
DP04188,P49748,486,518,33,Internal,GLGSALKNPFGNAGLLLGEAGKQLRRRAGLGSG
DP04189,P29372,131,141,11,Internal,EDEAAHSRGGR
DP04189,P29372,263,273,11,Internal,GVGHAGEWARK
DP04190,P03170,1,88,88,IDP,MSWALEMADTFLDTMRVGPRTYADVRDEINKRGREDREAARTAVHDPERPLLRSPGLLPEIAPNASLGVAHRRTGGTVTDSPRNPVTR
DP04191,Q99P72,1025,1090,66,Internal,RIYKGVIQAIQKSDEGHPFRAYLESEVAISEELVQKYSNSALGHVNSTIKELRRLFLVDDLVDSLK
DP04192,P69019,50,65,16,Internal,GLFDIVKKVVGAFGSL
DP04193,P12969,38,74,37,Internal,KCNTATCATQRLANFLVRSSNNLGPVLPPTNVGSNTY
DP04195,Q4WE50,159,186,28,Internal,KILYKRKPVTGKTIAEVLADEPVRLSGG
DP04196,Q12285,152,177,26,Internal,PTISKEPEAEKSTNSPAPAPPQELTV
DP04197,P35187,1,169,169,N,MVTKPSHNLRREHKWLKETATLQEDKDFVFQAIQKHIANKRPKTNSPPTTPSKDECGPGTTNFITSIPASGPTNTATKQHEVMQTLSNDTEWLSYTATSNQYADVPMVDIPASTSVVSNPRTPNGSKTHNFNTFRPHMASSLVENDSSRNLGSRNNNKSVIDNSSIGKQ
DP04197,P35187,243,572,330,Internal,KKDGMSKDQSKGRSQVSSQDDNIISSILPSPLEYNTSSRNSNLTSTTATTVTKALAITGAKQNITNNTGKNSNNDSNNDDLIQVLDDEDDIDCDPPVILKEGAPHSPAFPHLHMTSEEQDELTRRRNMRSREPVNYRIPDRDDPFDYVMGKSLRDDYPDVEREEDELTMEAEDDAHSSYMTTRDEEKEENELLNQSDFDFVVNDDLDPTQDTDYHDNMDVSANIQESSQEGDTRSTITLSQNKNVQVILSSPTAQSVPSNGQNQIGVEHIDLLEDDLEKDAILDDSMSFSFGRQHMPMSHSDLELIDSEKENEDFEEDNNNNGIEYLSDS
DP04198,P26663,2950,2989,40,Internal,KTKLKLTPIPAASRLDLSGWFVAGYSGGDIYHSLSRARPR
DP04199,Q9C7W1,1,178,178,IDP,MQYYENREKDYYEVAQGQRNGYGQSQSHNHEGYGQSQSRGGYGQIHNREGYNQNREGYSQSQSRPVYGLSPTLNHRSHGGFLDGLFKGQNGQKGQSGLGTFLGQHKSQEAKKSQGHGKLLGQHDQKKTHETNSGLNGLGMFINNGEKKHRRKSEHKKKNKDGHGSGNESGSSSGSDSD
DP04200,A0A078IB52,1,150,150,IDP,MQYYETREKEYYDVAQGQSRQSYGQNHQGYGQSQSRPVYGNSPTLNYRSHGGFLDGLFKGKNGQKGQNGLGSFLGQHKNQDTNQGHGHGKLLGQHQKKTHETNKGVNGLGMFINNGEKKHKKQNEHKKKKNKDGHASGNESGSSSGSDSE
DP04201,Q9LYG9,1,165,165,N,MAEQKSSNGGGGGGDVVINVPVEEASRRSKEMASPESEKGVPFSKSPSPEISKLVGSPNKPPRAPNQNNVGLTQRKSFARSVYSKPKSRFVDPSCPVDTSILEEEVREQLGAGFSFSRASPNNKSNRSVGSPAPVTPSKVVVEKDEDEEIYKKVKLNREMRSKIS
DP04201,Q9LYG9,313,506,194,Internal,NVNNFFDRIQDSVFHQYVLQTLSGLPLMEEAERVGREPSTGHLSFATVVKKGTVKEKKVIDMGKVHKMKREKVSAWTMRVLMEAVRTSGLSTISDTLDETAYGEGKEQADREITSEMEALAAAYHVFRNVAQPFFNYIEEEDLLRFMIKEEVDLVFPLFDGAAETGRITRKAFTEWVVKVYTSRRALAHSLNDT
DP04202,P0A567,86,100,15,C,ADEEQQQALSSQMGF
DP04203,P9WNK7,86,95,10,C,TEGNVTGMFA
DP04208,T2B9R0,1,30,30,N,MASPAAPRAVSFADNNDITNTNLSRGRGRN
DP04210,Q9FN03,397,423,27,Internal,GKSWVSPAERYAVVPDETGLTDGSSKG
DP04211,Q9BZV1,1,154,154,N,MKKFFQEFKADIKFKSAGPGQKLKESVGEKAHKEKPNQPAPRPPRQGPTNEAQMAAAAALARLEQKQSRAWGPTSQDTIRNQVRKELQAEATVSGSPEAPGTNVVSEPREEGSAHLAVPGVYFTCPLTGATLRKDQRDACIKEAILLHFSTDPV
DP04214,P40399,85,112,28,Internal,QEHQTLRGIQQEIKSEIEIAANVQQTLL
DP04215,Q9JK62,261,335,75,Internal,RRRKESFESSPHSRKALQMAGSTASKDVNIFSFLSKKEETYNDLIKQIGKKAMKTSGGGERVPGPGHGLGPQGDR
DP04216,P0CAV4,139,255,117,C,HYGDEATRRIADAKAGMKSWGKKDWSQFQEEAKAIEHDLAKALTQGLPVDSAPVTAIMRRHWAWVGRSWNREPTPDAFAGLGHLYQANPEFTARYEAIAPGLTEYFSEAMRAFARGR
DP04217,Q2KHT3,892,1052,161,Internal,SSPSLSSQSPPSASGSPSGSGSTSHCDSGGTSSSSTPSTAQSPADAPMSPELPKPHLPDQLVIVNETEADSKPSKNVARSAAVETASLSPSLVPARQPTISLLCEDTADTLSVESLTLVPPVDPHSLRSLTGMPPLSTPAAACTEPVGEEAACAEPVGTAE
DP04218,Q9V9N4,1,119,119,N,MEDLTKNIIFTNAINGQPATIQYQTADGTILKQPKIEGQKTEQQPTFYYTTNGNGGTVNLAQLATTDDNKTCYIAQPVGGYNYALVNGMPLNQGAALGIATVDAQGRIQIVNQNKPIAA
DP04219,O95433,1,27,27,N,MAKWGEGDPRWIVEERADATNVNNWHW
DP04219,O95433,162,204,43,Internal,GMILPTMNGESVDPVGQPALKTEERKAKPAPSKTQARPVGVKI
DP04220,Q9H4H8,380,448,69,Internal,ELQSRKAIDAATQTEPGEEMPGLSVSEVGTQTSITTACAGTQTAVITRIASSQTTIWSRSTTTQTDMDE
DP04221,Q8GJM6,1,18,18,N,MTDAFDRLKKRSRTPIAR
DP04225,A0A7M7G9Q4,335,385,51,Internal,RPNKLNLQRRHDHKSGEHKHSDESSSESFESIADNNDDSYFQRKPKLTEAP
DP04226,Q93K76,100,109,10,C,VSAIAEAASL
DP04227,P40727,219,229,11,Internal,KLRMSRQDIRD
DP04227,P40727,354,383,30,C,RLAGGQRPPQPENLPVPEALDFMNEKNTDG
DP04228,O67813,213,231,19,Internal,KIMMSRRELKEEYKQLEGH
DP04229,P9WFG9,1,26,26,N,MSSGAGSDATGAGGVHAAGSGDRAVA
DP04229,P9WFG9,132,144,13,Internal,FVADPYDPSESQA
DP04230,P43769,39,58,20,Internal,SVQVELPDSVQSQEVSNEDK
DP04231,P23023,408,427,20,Internal,QIYYNYYTPMALVNGAPMYL
DP04232,Q3U0P1,1,10,10,N,MEELSGKPLS
DP04232,Q3U0P1,40,60,21,Internal,RAEKAKNSKKAIEDGVPQPEA
DP04233,P9WMI9,106,118,13,C,RAASGEAVEMTGS
DP04234,O88574,130,142,13,Internal,GSDDDGGDSPVQD
DP04234,O88574,210,220,11,C,KSDLKADSGVH
DP04235,Q03390,128,186,59,Internal,INIDKLQDMQDEMLDLIEQGDELQEVLAMNNNSGELDDISDAELDAELDALAQEDFTLP
DP04236,Q06263,65,75,11,Internal,GESEAEDSDKS
DP04237,Q8N5K1,57,72,16,Internal,RPFLPKKKQQKDSLIN
DP04239,P53355,303,334,32,Internal,KKWKQSVRLISLCQRLSRSFLSRSNMSVARSD
DP04240,Q8GXC2,1,227,227,N,MIPNDDDDANSMKNYPLNDDDANSMKNYPLNDDDANSMENYPLRSIPTELSHTCSLIPPSLPNPSEAAADMSFNSELNQIMARPCDMLPANGGAVGHNPFLEPGFNCPETTDWIPSPLPHIYFPSGSPNLIMEDGVIDEIHKQSDLPLWYDDLITTDEDPLMSSILGDLLLDTNFNSASKVQQPSMQSQIQQPQAVLQQPSSCVELRPLDRTVSSNSNNNSNSNNAA
DP04240,Q8GXC2,369,397,29,C,QGEKTSAKTPENGSEESESPRPKRPRNEE
DP04241,P15146-3,1,467,467,IDP,MADERKDEGKAPHWTSASLTEAAAHPHSPEMKDQGGSGEGLSRSANGFPYREEEEGAFGEHGSQGTYSDTKENGINGELTSADRETAEEVSARIVQVVTAEAVAVLKGEQEKEAQHKDQPAALPLAAEETVNLPPSPPPSPASEQTAALEEATSGESAQAPSAFKQAKDKVTDGITKSPEKRSSLPRPSSILPPRRGVSGDREENSFSLNSSISSARRTTRSEPIRRAGKSGTSTPTTPGSTAITPGTPPSYSSRTPGTPGTPSYPRTPGTPKSGILVPSEKKVAIIRTPPKSPATPKQLRLINQPLPDLKNVKSKIGSTDNIKYQPKGGQVQIVTKKIDLSHVTSKCGSLKNIRHRPGGGRVKIESVKLDFKEKAQAKVGSLDNAHHVPGGGNVKIDSQKLNFREHAKARVDHGAEIITQSPSRSSVASPRRLSNVSSSGSINLLESPQLATLAEDVTAALAKQGL
DP04242,P45973,1,21,21,N,MGKKTKRTADSSSSEDEEEYV
DP04242,P45973,79,123,45,Internal,NKPREKSESNKRKSNFSNSADDIKSKKKREQSNDIARGFERGLEP
DP04242,P45973,178,191,14,C,PEDAENKEKETAKS
DP04243,A0A0H2UWN8,1,60,60,IDP,MLYIDEFKEAIDKGYILGDTVAIVRKNGKIFDYVLPHEKVRDDEVVTVERVEEVMVELDK
DP04244,P40205,1,109,109,IDP,MQHPPCEPGNCLSLKEKKITEGSGGVCWGGETDASNPAPALTACCAAEREANVEQGLAGRLLLCNYERRVVRRCKIAGRGRAPLGTRPLDVSSFKLKEEGRPPCLKINK
DP04246,Q4KL64,1,73,73,N,MADKMDMSLDDIIKLNRNQRRVNRGGGPRRNRPAIARGGRNRPAPYSRPKPLPDKWQHDLFDSGCGGGEGVET
DP04247,Q8QL46,1,12,12,N,MQTQEQSQKKKQ
DP04248,C8ZKB3,1,17,17,N,MALVKKNQARNTQATDN
DP04249,Q1D3H3,422,489,68,C,EDTLAPEGVEEEIDADELAQEVAQRLGAINQDLSLLADVFAALDESRKAELLMQLRYSSELVTYLEGL
DP04250,P0DJL7,130,146,17,Internal,NPIPGLDELGVGNSDAA
DP04251,O60832,1,22,22,N,MADAEVIILPKKHKKKKERKSL
DP04251,O60832,422,514,93,C,SAKKEVVAEVVKAPQVVAEAAKTAKRKRESESESDETPPAAPQLIKKEKKKSKKDKKAKAGLESGAEPGDGDSDTTKKKKKKKKAKEVELVSE
DP04252,Q9NX24,1,22,22,N,MTKIKADPDGPEAQAEACSGER
DP04253,Q9NY12,1,64,64,N,MSFRGGGRGGFNRGGGGGGFNRGGSSNHFRGGGGGGGGGNFRGGGRGGFGRGGGRGGFNKGQDQ
DP04253,Q9NY12,162,217,56,C,PGEKGPPRGGGRGGRGGGRGGGGRGGGRGGGFRGGRGGGGGGFRGGRGGGFRGRGH
DP04255,O60016,69,191,123,Internal,SDSDSPHHASNPHPNSRQKHQHQTSKSVPRSQRFSRELNVKKENKKVFSSQTTKRQSRKQSTALTTNDTSIILDDSLHTNSKKLGKTRNEVKEESQKRELVSNSIKEATSPKTSSILTKPRNP
DP04256,P54820,38,69,32,Internal,GHGAEGEEHAQAYTYPVESAGGAEGEAVDEGP
DP04257,Q9NZI8,157,194,38,Internal,EQIAQGPENGRRGGFGSRGQPRQGSPVAAGAPAKQQQV
DP04257,Q9NZI8,344,404,61,Internal,MKKVREAYENDVAAMSLQSHLIPGLNLAAVGLFPASSSAVPPPPSSVTGAAPYSSFMQAPE
DP04258,Q15022,150,188,39,Internal,SHSLSAHLQLTFTGFFHKNDKPSPNSENEQNSVTLEVLL
DP04258,Q15022,201,241,41,Internal,CPIRQVPTGKKQVPLNPDLNQTKPGNFPSLAVSSNEFEPSN
DP04258,Q15022,251,423,173,Internal,LFRVTRPGRREFNGMINGETNENIDVNEELPARRKRNREDGEKTFVAQMTVFDKNRRLQLLDGEYEVAMQEMEECPISKKRATWETILDGKRLPPFETFSQGPTLQFTLRWTGETNDKSTAPIAKPLATRNSESLHQENKPGSVKPTQTIAVKESLTTDLQTRKEKDTPNENR
DP04258,Q15022,497,513,17,Internal,GSYAGNPQDIHRQPGFA
DP04259,Q9H9Q4,229,299,71,C,GQKHQGAGDPHTSNSASLQGIDSQCVNQPEQLVSSAPTLSAPEKESTGTSGPLQRPQLSKVKRKKPRGLFS
DP04260,P07196,40,63,24,Internal,YSSYSAPVSSSLSVRRSYSSSSGS
DP04261,P02489,1,60,60,N,MDVTIQHPWFKRTLGPFYPSRLFDQFFGEGLFEYDLLPFLSSTISPYYRQSLFRTVLDSG
DP04261,P02489,149,173,25,C,GLDATHAERAIPVSREEKPTSAPSS
DP04262,P04792,178,205,28,C,EITIPVTFESRAQLGGPEAAKSDETAAK
DP04263,P18848,1,275,275,N,MTEMSFLSSEVLVGDLMSPFDQSGLGAEESLGLLDDYLEVAKHFKPHGFSSDKAKAGSSEWLAVDGLVSPSNNSKEDAFSGTDWMLEKMDLKEFDLDALLGIDDLETMPDDLLTTLDDTCDLFAPLVQETNKQPPQTVNPIGHLPESLTKPDQVAPFTFLQPLPLSPGVLSSTPDHSFSLELGSEVDITEGDRKPDYTAYVAMIPQCIKEEDTPSDNDSGICMSPESYLGSPQHSPSTRGSPNRSLPSPGVLCGSARPKPYDPPGEKMVAAKVKG
DP04264,Q5SWA1,1,713,713,IDP,MEPGTGGSRKRLGPRAGFRFWPPFFPRRSQAGSSKFPTPLGPENSGNPTLLSSAQPETRVSYWTKLLSQLLAPLPGLLQKVLIWSQLFGGMFPTRWLDFAGVYSALRALKGREKPAAPTAQKSLSSLQLDSSDPSVTSPLDWLEEGIHWQYSPPDLKLELKAKGSALDPAAQAFLLEQQLWGVELLPSSLQSRLYSNRELGSSPSGPLNIQRIDNFSVVSYLLNPSYLDCFPRLEVSYQNSDGNSEVVGFQTLTPESSCLREDHCHPQPLSAELIPASWQGCPPLSTEGLPEIHHLRMKRLEFLQQASKGQDLPTPDQDNGYHSLEEEHSLLRMDPKHCRDNPTQFVPAAGDIPGNTQESTEEKIELLTTEVPLALEEESPSEGCPSSEIPMEKEPGEGRISVVDYSYLEGDLPISARPACSNKLIDYILGGASSDLETSSDPEGEDWDEEAEDDGFDSDSSLSDSDLEQDPEGLHLWNSFCSVDPYNPQNFTATIQTAARIVPEEPSDSEKDLSGKSDLENSSQSGSLPETPEHSSGEEDDWESSADEAESLKLWNSFCNSDDPYNPLNFKAPFQTSGENEKGCRDSKTPSESIVAISECHTLLSCKVQLLGSQESECPDSVQRDVLSGGRHTHVKRKKVTFLEEVTEYYISGDEDRKGPWEEFARDGCRFQKRIQETEDAIGYCLTFEHRERMFNRLQGTCFKGLNVLKQC
DP04267,Q9NPD8,157,197,41,C,ADEEEMLDNLPEAGDSRVHNSTQKRKASQLVGIEKKFHPDV
DP04268,P93830,1,101,101,N,MMGSVELNLRETELCLGLPGGDTVAPVTGNKRGFSETVDLKLNLNNEPANKEGSTTHDVVTFDSKEKSACPKDPAKPPAKAQVVGWPPVRSYRKNVMVSCQ
DP04268,P93830,150,172,23,Internal,MGKHGGEEGMIDFMNERKLMDLV
DP04270,Q8WXC6,1,57,57,IDP,MKPAVDEMFPEGAGPYVDLDEAGGSTGLLMDLAANEKAVHADFFNDFEDLFDDDDIQ
DP04271,P02647,25,267,243,C,DEPPQSPWDRVKDLATVYVDVLKDSGRDYVSQFEGSALGKQLNLKLLDNWDSVTSTFSKLREQLGPVTQEFWDNLEKETEGLRQEMSKDLEEVKAKVQPYLDDFQKKWQEEMELYRQKVEPLRAELQEGARQKLHELQEKLSPLGEEMRDRARAHVDALRTHLAPYSDELRQRLAARLEALKENGGARLAEYHAKATEHLSTLSEKAKPALEDLRQGLLPVLESFKVSFLSALEEYTKKLNTQ
DP04273,P33609,1,330,330,N,MAPMHEEDCKLEASAVSDSGSFAASRARREKKSKKGRQEALERLKKAKAGEKYKYEVEDLTSVYEEVDEEQYSKLVQARQDDDWIVDDDGIGYVEDGREIFDDDLEDDALDTCGKGSDGKAHRKDRKDVKKPSVTKPNNIKAMFIASAGKKTTDKAVDLSKDDLLGDILQDLNTETAQITPPPVLIPKKKRSTGALLNPFSVHTPKAIPSGKPASPVLRNEPLLTPIPLKRAELAGELAQPECPEDEQELGVMEFEDGDFDESMDTEKVDEKPVTAKTWDQETEPVERVEHEADPERGTTSYLENFLPDVSCWDIDQDDESIPQEVQVDS
DP04274,Q9Y2G2,1,162,162,N,MEKKECPEKSSSSEEELPRRDSGSSRNIDASKLIRLQGSRKLLVDNSIRELQYTKTGIFFQAEACVTNDTVYRELPCVSETLCDISHFFQEDDETEAEPLLFRAVPECQLSGGDIPSVSEEQESSEGQDSGDICSEENQIVSSYASKVCFEIEEDYKNRQFL
DP04275,Q84T68,177,191,15,Internal,SASSKEPNQKEEDSE
DP04276,Q13613,1,94,94,N,MDRPAAAAAAGCEGGGGPNPGPAGGRRPPRAAGGATAGSRQPSVETLDSPTGSHVEWCKQLIAATISSQISGSVTSENVSRDYKALRDGNKLAQ
DP04277,Q8N465,1,51,51,N,MLPRRPLAWPAWLLRGAPGAAGSWGRPVGPLARRGCCSAPGTPEVPLTRER
DP04278,Q9UMY1,1,94,94,N,MVQLRPRASRAPASAEAMVDEGQLASEEEEAEHGLLLGQPSSGAAAEPLEEDEEGDDEFDDEAPEELTFASAQAEAREEERRVRETVRRDKTLL
DP04279,P49815-5,50,126,77,Internal,MECGLNNRIRMIGQICEVAKTKKFEEHAVEALWKAVADLLQPERPLEARHAVLALLKAIVQGQGERLGVLRALFFKV
DP04279,P49815-5,644,682,39,Internal,CVCDYMEPERGSEKKTSGPLSPPTGPPGPAPAGPAVRLG
DP04279,P49815-5,937,970,34,Internal,STSLNERPKRIQTSLTSASLGSADENSVAQADDS
DP04279,P49815-5,1039,1137,99,Internal,LDSGELQSGPESSSSPGVHVRQTKEAPAKLESQAGQQVSRGARDRVRSMSGGHGLRVGALDVPASQFLGSATSPGPRTAPAAKPEKASAGTRVPVQEKT
DP04279,P49815-5,1202,1426,225,Internal,DTALYKSLSVPAASTAKPPPLPRSNTDSAVVMEEGSPGEVPVLVEPPGLEDVEAALGMDRRTDAYSRSSSVSSQEEKSLHAEELVGRGIPIERVVSSEGGRPSVDLSFQPSQPLSKSSSSPELQTLQDILGDPGDKADVGRLSPEVKARSQSGTLDGESAAWSASGEDSRGQPEGPLPSSSPRSPSGLRPRGYTISDSAPSRRGKRVERDALKSRATASNAEKVP
DP04279,P49815-5,1689,1740,52,C,EEAAYSNPSLPLVHPPSHSKAPAQTPAEPTPGYEVGQRKRLISSVEDFTEFV
DP04280,P19970,1,989,989,IDP,MADSGDKSQGMRPPPFDSRGHPLPRRASPDKSITLENHRLARDTSSRVTSSSALGVTESQPQLKSSPTRRNSSGESEPTNWFNQSNRNPAAAFHDESHIMEVDPPFYQKETDSSNEESRYPPGRNPVHPPGGVQLPGFRPVAAHSSAADDYRSVIDDLTVENKRLKEELKRYKQFGSDVMRKEKLFEIKVHGLPRRKKRELEATLRDFAASLGDSSESTSQRRKTGRHGTAVHSSGVSLSKHDSSSSSRSRPVDSAYNSMSTGRSSHAPHSSGPSLGRPSLTRAKSVGTQKVENYLRDTPDGLLPHHIVMTDKEKKKLVVRRLEQLFTGKISGRNMQRNQSMPSMDAPLAPEGTNMAPPRPPPEGLREACIQLQDGDNPRKNRSSKDNGSASNSGGDQTELGGTGTGSGDGSGSGGRTGNNTSPPGAIAPDQRPTRPRDLDPDRVQIPSENMDYIRHLGLVSPEFLQGSRTSYQDVAPDAEGWVYLNLLCNLAQLHMVNVTPSFIRQAVSEKSTKFQLSADGRKIRWRGGTDGTKFSSDSSEDKSQQSPMTEDTEDGSDKNGRRKKRKTQQASSEIGRFGPSRSPSDTFHYKPMFVHRNSSSIETSLEESMSQGSEDAVDESNMGNSKWDFSGSGTTQQRRKRRYDGAIVYYTGAPFCTDLSGDPGDMSPTAQMTAGREVEGSGSGDEVEHVLQRTLSGSSLPIRPLSDDRARVAEVLDFDPGNPPELVADDGSSPNDEDFVFPWCEDPAKVRIQPIAKEVMEPSGLGGVLPDDHFVMLVTTRRVVRPILQRQLSRSTTSEDTAEFIAERLAAIRTSSPLPPRSHRLTVAPLQVEYVSGQFRRLNPAPLPPPAIFYPPFSTDSSWDDGDDLASDDEEVEEVEEDSYSEGQISRRANPHFSDNNTYMRKDDLAFDTETDVRMDSDDNRLSDSGHNMRAMMPRAEAVDGDDSPLAAVTGKEVDMLHTGSSVATAGGAESGYSSSMEDVSSS
DP04281,P68431,1,38,38,N,MARTKQTARKSTGGKAPRKQLATKAARKSAPATGGVKK
DP04283,P69229,127,141,15,Internal,RCKPQRELQQQDAES
DP04284,Q8TDX7,1,19,19,N,MDEQSQGMQGPPVPQFQPQ
DP04284,Q8TDX7,182,195,14,Internal,LGRFFSSKTTAAHS
DP04285,Q9UK59,394,544,151,C,GEYEEQDDVESNDSGEDQSEYNTDTSALSSINPDEIMLDEEEDEDSIVSAHSGMNTPSVEPSDQASEFSASFSDVRILPGSMIVSSDDTVDSTIDREGKPGGTVESGNGEDLTKVPLKRLSDEHEPEQRKKIKRRNQAIYAAVDDDDDDAA
DP04286,Q8TAP9,1,135,135,N,MQRQNFRPPTPPYPGPGGGGWGSGSSFRGTPGGGGPRPPSPRDGYGSPHHTPPYGPRSRPYGSSHSPRHGGSFPGGRFGSPSPGGYPGSYSRSPAGSQQQFGYSPGQQQTHPQGSPRTSTPFGSGRVREKRMSNE
DP04286,Q8TAP9,160,179,20,C,ISQQYSNTQTFTGKKGRYFC
DP04287,O14907,1,10,10,N,MSYIPGQPVT
DP04287,O14907,113,124,12,C,SLQKAVQQSMLS
DP04288,P29066,360,382,23,Internal,PPHREVPESETPVDTNLIELDTN
DP04290,Q9V6Q2,1,146,146,N,MPRHSRAKRAPRPSANNSKSPNDDDTAFRSPEPEDGTDYGLEFTTSQLTLQDNNRRSSTLRRDAGRRQPAARDSSTSGEEEDQENRYPTTRSPQTRRMTVQQESKTRAAGPVAAQNQTRRRKAANPMSRAKRMDREIRRLQHHPGT
DP04294,I1KDC1,80,305,226,C,GETPRRSTRISEKAKAAPPTQREPPKKRTKRSSASQKEISQEEKEEETKEAEMQEADDTTKGDNDIEKEKVVVNENHDKSVEDTDVNKSTRYGEEAKAGENVEVPIEEEKSNAADGELPALKDKADDKVTEGSEVFLRKDEEKIEQPQEETKEYSGFGEPEKLETCTTADKTVEVEGVNKEDHVKSTHEFEVGEIEGTKVNGEEHHKLDEINKAEAELTVNGTHES
DP04295,Q9Y572,300,518,219,C,TVKDFLSQLRSSNRRFSIPESGQGGTEMDGFRRTIENQHSRNDVMVSEWLNKLNLEEPPSSVPKKCPSLTKRSRAQEEQVPQAWTAGTSSDSMAQPPQTPETSTFRNQMPSPTSTGTPSPGPRGNQGAERQGMNWSCRTPEPNPVTGRPLVNIYNCSGVQVGDNNYLTMQQTTALPTWGLAPSGKGRGLQHPPPVGSQEGPKDPEAWSRPQGWYNHSGK
DP04296,Q12517,1,16,16,N,MTGAATAAENSATQLE
DP04296,Q12517,81,134,54,Internal,VSPQEVDIFDSQNGSNNIQVNNGSDNSNRNSSGNGNSYKSNDSLTYNCGKTLSG
DP04297,Q9NPJ4,1,101,101,N,MGGGERYNIPAPQSRNVSKNQQQLNRQKTKEQNSQMKIVHKKKERGHGYNSSAAAWQAMQNGGKNKNFPNNQSWNSSLSGPRLLFKSQANQNYAGAKFSEP
DP04298,Q13546,300,583,284,Internal,DVKSLKKEYSNENAVVKRMQSLQLDCVAVPSSRSNSATEQPGSLHSSQGLGMGPVEESWFAPSLEHPQEENEPSLQSKLQDEANYHLYGSRMDRQTKQQPRQNVAYNREEERRRRVSHDPFAQQRPYENFQNTEGKGTAYSSAASHGNAVHQPSGLTSQPQVLYQNNGLYSSHGFGTRPLDPGTAGPRVWYRPIPSHMPSLHNIPVPETNYLGNTPTMPFSSLPPTDESIKYTIYNSTGIQIGAYNYMEIGGTSSSLLDSTNTNFKEEPAAKYQAIFDNTTSLT
DP04299,O43353,173,183,11,Internal,MSLSQSRSSKS
DP04299,O43353,512,540,29,C,NKQMGLQPYPEILVVSRSPSLNLLQNKSM
DP04300,Q9UBB9,1,350,350,N,MSLSHLYRDGEGRIDDDDDERENFEITDWDLQNEFNPNRQRHWQTKEEATYGVWAERDSDDERPSFGGKRARDYSAPVNFISAGLKKGAAEEAELEDSDDEEKPVKQDDFPKDFGPRKLKTGGNFKPSQKGFAGGTKSFMDFGSWERHTKGIGQKLLQKMGYVPGRGLGKNAQGIINPIEAKQRKGKGAVGAYGSERTTQSMQDFPVVDSEEEAEEEFQKELSQWRKDPSGSKKKPKYSYKTVEELKAKGRISKKLTAPQKELSQVKVIDMTGREQKVYYSYSQISHKHNVPDDGLPLQSQQLPQSGKEAKAPGFALPELEHNLQLLIDLTEQEIIQNDRQLQYERDMVV
DP04301,Q75PQ8,1,10,10,N,MSTLRLKEAK
DP04301,Q75PQ8,29,100,72,Internal,REGGTKLKKEKVQLLVNPQKVIKKAECELEKSDLEVLEDQNYVEVLGRNIQESLGNGSAVDGRNKVYSFQHR
DP04302,P06897,120,130,11,C,KTESAKSAKSK
DP04306,Q8I384,72,153,82,Internal,GDNEMKQEKKTNNYINNNDNNNDNNNDNNNDNNNNCYIPNGVIKEKKHDLSNNKMNGYVNHNFYGNYEENNVISTNDKYKNN
DP04308,P43586,1,204,204,IDP,MAPKKPSKRQNLRREVAPEVFQDSQARNQLANVPHLTEKSAQRKPSKTKVKKEQSLARLYGAKKDKKGKYSEKDLNIPTLNRAIVPGVKIRRGKKGKKFIADNDTLTLNRLITTIGDKYDDIAESKLEKARRLEEIRELKRKEIERKEALKQDKLEEKKDEIKKKSSVARTIRRKNKRDMLKSEAKASESKTEGRKVKKVSFAQ
DP04309,Q9UJY1,1,89,89,N,MADGQMPFSCHYPSRLRRDPFRDSPLSSRLLDDGFGMDPFPDDLTASWPDWALPRLSSAWPGTLRSGMVPRGPTATARFGVPAEGRTPP
DP04309,Q9UJY1,171,196,26,C,VPPYSTFGESSFNNELPQDSQEVTCT
DP04324,Q969S2,56,129,74,Internal,FDLDEEMGPPGSSPTPEPPQKEVQKEGAADPKQVGEPSGQKTLDGSSRSAELVPQGEDDSEYLERDAPAGDAGR
DP04328,P32833,1,232,232,N,MLNGEDFVEHNDILSSPAKSRNVTPKRVDPHGERQLRRIHSSKKNLLERISLVGNERKNTSPDPALKPKTPSKAPRKRGRPRKIQEELTDRIKKDEKDTISSKKKRKLDKDTSGNVNEESKTSNNKQVMEKTGIKEKREREKIQVATTTYEDNVTPQTDDNFVSNSPEPPEPATPSKKSLTTNHDFTSPLKQIIMNNLKEYKDSTSPGKLTLSRNFTPTPVPKNKKLYQTSE
DP04328,P32833,344,354,11,Internal,AYENELQQNKP
DP04328,P32833,498,620,123,C,MGKSDTSSGAEGAKYVLQSLTVNSKKMYKLLIETQMQNMGNLSANTGPKRGTQRTGVELKLFNHLCAADFIASNEIALRSMLREFIEHKMANITKNNSGMEIIWVPYTYAELEKLLKTVLNTL
DP04337,O60158,364,413,50,Internal,KSSIRSSPKSKKRSREDFEENEDYNAMVPVKRSRITKLESEVYYEKRKVR
DP04340,P17433,1,170,170,N,MLQACKMEGFSLTAPPSDDLVTYDSELYQRPMHDYYSFVGSDGESHSDHYWDFSAHHVHNNEFENFPENHFTELQSVQPPQLQQLYRHMELEQMHVLDTPMVPPHTGLSHQVSYMPRMCFPYQTLSPAHQQSSDEEEGERQSPPLEVSDGEADGLEPGPGLLHGETGSKK
DP04340,P17433,260,272,13,C,GRGGLAERRLPPH
DP04341,P08551,398,543,146,C,ETRLSFTSVGSITSGYSQSSQVFGRSAYSGLQSSSYLMSARSFPAYYTSHVQEEQTEVEETIEATKAEEAKDEPPSEGEAEEEEKEKEEGEEEEGAEEEEAAKDESEDTKEEEEGGEGEEEDTKESEEEEKKEESAGEEQVAKKKD
DP04343,P0DOW4,1,445,445,IDP,MASTHQSSTEPSSTGKSEETKKDASQGSGQDSKNVTVTKGTGSSATSAAIVKTGGSQGKDSSTTAGSSSTQGQKFSTTPTDPKTFSSDQKEKSKSPAKEVPSGGDSKSQGDTKSQSDAKSSGQSQGQSKDSGKSSSDSSKSHSVIGAVKDVVAGAKDVAGKAVEDAPSIMHTAVDAVKNAATTVKDVASSAASTVAEKVVDAYHSVVGDKTDDKKEGEHSGDKKDDSKAGSGSGQGGDNKKSEGETSGQAESSSGNEGAAPAKGRGRGRPPAAAKGVAKGAAKGAAASKGAKSGAESSKGGEQSSGDIEMADASSKGGSDQRDSAATVGEGGASGSEGGAKKGRGRGAGKKADAGDTSAEPPRRSSRLTSSGTGAGSAPAAAKGGAKRAASSSSTPSNAKKQATGGAGKAAATKATAAKSAASKAPQNGAGAKKKGGKAGGRKRK
DP04344,Q7BTX0,121,141,21,C,CEPTMKKEEDDHRPSSSHLLV
DP04347,P28360,1,172,172,N,MAPAADMTSLPLGVKVEDSAFGKPAGGGAGQAPSAAAATAAAMGADEEGAKPKVSPSLLPFSVEALMADHRKPGAKESALAPSEGVQAAGGSAQPLGVPPGSLGAPDAPSSPRPLGHFSVGGLLKLPEDALVKAESPEKPERTPWMQSPRFSPPPARRLSPPACTLRKHKTN
DP04348,Q96PD5,164,208,45,Internal,DVRATSSPGLRDGSPDVTTADIGANTPDATKGCPDVQASLPDAKA
DP04349,Q8N114,126,240,115,C,ICFTCSCCCLYKTCRRPRPVVTTTTSTTVVHAPYPQPPSVPPSYPGPSYQGYHTMPPQPGMPAAPYPMQYPPPYPAQPMGPPAYHETLAGGAAAPYPASQPPYNPAYMDAPKAAL
DP04352,A0A564ZT73,29,56,28,Internal,ASLNEHEGEVAYDKKEDAEISMHMNEQD
DP04352,A0A564ZT73,148,229,82,Internal,QQSSSNHVSYLELHNDYEDIIHDKKGNATTTASNSMQGNMNSNNLNSQLSMKGSSIHMNSANSTSNVSGNATGNASGHISIN
DP04368,Q99PZ6,1,25,25,N,MKITSTIIQTPFPFENNNSHAGIVT
DP04369,A0A0H3JPC6,206,216,11,Internal,KREGEHMSSAY
DP04370,L7N667,85,99,15,Internal,GTYGVTESLNSSAAA
DP04371,P40296,220,229,10,Internal,HESDELNPEP
DP04372,P0A367,1,32,32,N,MDNNPNINECIPYNCLSNPEVEVLGGERIETG
DP04372,P0A367,780,818,39,Internal,GSLWPLSAQSPIGKCGEPNRCAPHLEWNPDLDCSCRDGE
DP04372,P0A367,1064,1136,73,Internal,EEIYPNNTVTCNDYTVNQEEYGGAYTSRNRGYNEAPSVPADYASVYEEKSYTDGRRENPCEFNRGYRDYTPLP
DP04373,P9WI79,403,413,11,Internal,RPSWSPTQASG
DP04375,P71875,1,13,13,N,MSTDTSGVGVREI
DP04375,P71875,211,224,14,Internal,RPDVDDLGTSYGEA
DP04375,P71875,375,386,12,C,REVSDDVPAEQH
DP04376,Q9I0F4,1,29,29,N,MSGLPVSHVGEKVSGGVISTGSPTVHVGS
DP04376,Q9I0F4,873,909,37,Internal,VGEHAREDARQAFAENELYRSGFSRSETRASQAGEGP
DP04376,Q9I0F4,1196,1317,122,C,MQTGKQVLGQMKDNWDSDRDLTDIKWKCIDINWKHVGASAAIGTVAPGMLSTGKTVVQSAKAIRTLSGQAANTANRAAKLAARKAAHADTIKKAVATQAAWQTGKQIVKCPLKDEEEECPPQ
DP04377,Q51693,29,45,17,Internal,FNKIKDSVKQKIDSMGD
DP04377,Q51693,336,351,16,Internal,MKNENGDALSEAEHES
DP04378,O82882,138,247,110,Internal,EGGIDFTPHNGTKKIINTVAEVNKLSDASGSSIHSHLTNNALVEIHTANGRWVRDIYLPQGPDLEGKMVRFVSSAGYSSTVFYGDRKVTLSVGNTLLFKYVNGQWFRSGE
DP04378,O82882,578,676,99,Internal,RAEQITASVNELSESKMAELMAEYAVVKVHMWNGNWTRNIYIPTASADNRGSILTINHEAGYNSYLFINGDEKVVSQGYKKSFVSDGQFWKERDVVDTR
DP04378,O82882,719,753,35,Internal,DDSQNLSDNDCQLQVDTKEGQLRFRLANHRANNTV
DP04379,Q8DR55,1,159,159,N,MSKKRRNRHKKEAQEPQFDFDEAKELTVGQAIRKNEEVEAGVLPEDSILDKYVKQHRDEIEADKFATRQYKKEEFVETQSLDDLIQEMREAVEKSEASSEEVPSSEDILLPLPLDDEEQGLDPLLLDDENPTEMTEEVEEEQNLSRLDQEDSEKKSKKG
DP04379,Q8DR55,314,354,41,Internal,KSQQTSTSSSSSSQTSSSSSSQASSNTTSEPKPSSSNETRS
DP04380,P15917,34,61,28,Internal,AGGHGDVGMHVKEKEKNKDENKRKDEER
DP04380,P15917,379,400,22,Internal,RDSLSEEEKELLNRIQVDSSNP
DP04381,P0CL43,27,82,56,Internal,KPVQQPGAQKEQLANANSIDECQSLPYVPSDLAKNKSLSNHNADNSASKNSAISSS
DP04383,D0ZRB2,709,728,20,Internal,RIADDSDAERTTEVQMDAER
DP04384,Q7BCK4,741,758,18,Internal,NQESKQMSNQESTQMSSR
DP04385,Q9ZKJ5,14,23,10,Internal,KKGFGGANGN
DP04385,Q9ZKJ5,41,50,10,Internal,KPSTHKEMSY
DP04386,Q45914,114,148,35,Internal,GGGYYAPNMITFGSAPKSNKKLNSLISSTIPFPYA
DP04387,A0A0H2XCS3,457,469,13,Internal,QLAKLEDIPNSRL
DP04388,Q86VY4,1,242,242,N,MSGRSRGRKSSRAKNRGKGRAKARVRPAPDDAPRDPDPSQYQSLGEDTQAAQVQAGAGWGGLEAAASAQLLRLGEEAACRLPLDCGLALRARAAGDHGQAAARPGPGKAASLSERLAADTVFVGTAGTVGRPKNAPRVGNRRGPAGKKAPETCSTAGRGPQVIAGGRQKKGAAGENTSVSAGEEKKEERDAGSGPPATEGSMDTLENVQLKLENMNAQADRAYLRLSRKFGQLRLQHLERRN
DP04390,A1C3L3,201,212,12,Internal,SKGTEEKQDSVR
DP04390,A1C3L3,294,316,23,Internal,NPNGQIYAVLNNTEASRAATLRS
DP04391,A0AAI7ZGD2,24,51,28,Internal,TKPAPDFGGRWKHVNHFDEAPTEIPLYT
DP04392,Q83RJ4,1,24,24,N,MSIMLPINNNFSLSQNSFYNTISG
DP04392,Q83RJ4,269,278,10,Internal,SDGQQNTLHR
DP04392,Q83RJ4,507,540,34,Internal,EMLENEYSQRVADRLKASGLSGDADAEREAGAQV
DP04392,Q83RJ4,562,571,10,C,SENGSQLHHS
DP04393,P31489,52,61,10,Internal,PVRPPVPGAG
DP04393,P31489,221,241,21,Internal,TQENTNKRSAELLANANAYAD
DP04394,P0C7U7,49,63,15,Internal,KYDPRKDSEVFANRV
DP04394,P0C7U7,260,279,20,Internal,NKDNNELSHFATTCSDKSRP
DP04395,P9WNI7,1,12,12,N,MTINYQFGDVDA
DP04395,P9WNI7,70,94,25,C,AHGQKVQAAGNNMAQTDSAVGSSWA
DP04396,P9WGU1,25,41,17,Internal,GSKPPSGSPETGAGAGT
DP04397,Q5ZTK6,492,501,10,Internal,HTHFGEDERE
DP04398,Q5ZTK4,590,759,170,Internal,SKGKERRQPNVDEIAAARIIQQILANPDCIHDDHVLINGQKLEQQFFRDLLAKCEMAVVGSLLNDTDIGNIDTLMRHEKDTEFHSTNPEAVPVKIGEYWINDQRINNSSGNITQKKHDLIFLMQNDAWYFSRVNAIAQNRDKGSTFKEVLITTLMTPLTSKALVDTSQAK
DP04398,Q5ZTK4,903,1190,288,Internal,FTPRHESGYAVEPFLRMQAAKLAEVKSSIEKAQRAPDLETIFNLQNEVEAVQYSHLSTGYKNFLKNTVGPVLENSLSGLMESDTDTLSKALAAFPSDTQWSAFNFEEARQAKRQMDAIKQMVGNKVVLDALTQCQDALEKQNIAGALDALKKIPSEKEMGTIRRELREQIQSARQELESLQRAVVTPVVTDEKKVRERYDALIENTSKKITELETGKLPNLDAVKKGISNLSNLKQEVTVLRNEKIRMHVGTDKVDFSDVEKLEQQIQVIDTKLADAYLLEVTKQISA
DP04399,P08062,1,111,111,N,MDPKAEGNGENITETAAGNVETSDFVNLKRQKREGVNSTGMSEIDMTGSQETPEHNMHGSPTHTDDLGPRLDADMLDSQSSHVSSSAQGNRSEVENELSNLFAKMALPGHD
DP04399,P08062,518,556,39,C,EPSDRYSRAFVRPEPALPPISDSRRTYESRPRGPTVNSL
DP04401,A0AAI8ESY0,154,255,102,C,NAKILKDRRYYYDYDYATRTKKSWLIPSRVYDDGKFTYINMDLTRFPTGNFPAVFAREKEHAEDFLVNTTVEGNTLIVHGTYPFLVVRHGDNVVGLRRNKQK
DP04416,O53692,1,14,14,N,MSLLDAHIPQLVAS
DP04416,O53692,80,97,18,C,AGTYVAADAAAASTYTGF
